salt;2047
olive oil;4053
butter;1001
sugar;19335
water;14412
flour;20081
garlic;11215
eggs;1123
onion;11282
vanilla extract;2050
milk;1077
kosher salt;1082047
lemon juice;9152
unsalted butter;1145
black pepper;1002030
baking powder;18371
pepper;1002030
salt and pepper;1102047
egg;1123
brown sugar;19334
baking soda;18372
garlic cloves;11215
vegetable oil;4513
granulated sugar;19335
honey;19296
ground cinnamon;2010
ground pepper;1002030
cream cheese;1017
parmesan cheese;1033
garlic powder;1022020
carrots;11124
cinnamon;2010
oregano;2027
red onion;10011282
heavy cream;1053
celery;11143
chicken;1025006
sour cream;1056
vanilla;2050
sea salt;1012047
green onions;11291
lime juice;9160
soy sauce;16124
powdered sugar;19336
fresh parsley;11297
bacon;10123
cornstarch;20027
ground cumin;1002014
tomatoes;11529
canola oil;4582
oil;4582
chicken broth;6194
maple syrup;19911
red bell pepper;11821
canned tomatoes;10011693
lemon zest;9156
paprika;2028
dijon mustard;1002046
chili powder;2009
chocolate;19081
mayonnaise;4025
white sugar;19335
onions;11282
fresh cilantro;11165
parsley;11297
cilantro;11165
pecans;12142
beef;23572
ginger;11216
garlic clove;11215
red pepper flakes;1032009
walnuts;12155
cayenne pepper;2031
extra virgin olive oil;1034053
carrot;11124
coconut oil;4047
zucchini;11477
strawberries;9316
worcestershire sauce;6971
sesame oil;4058
food dye;10711111
orange juice;9206
potatoes;11362
fish;10115261
tomato;11529
juice of lemon;9152
avocado;9037
buttermilk;1230
light brown sugar;19334
nutmeg;2025
balsamic vinegar;2069
ground ginger;2021
yellow onion;10511282
fresh ginger;11216
egg whites;1124
ground nutmeg;2025
shredded cheddar cheese;1001009
green bell pepper;11333
almonds;12061
whole milk;1077
lemon;9150
shrimp;15152
tomato paste;11887
scallions;11291
onion powder;2026
all purpose flour;20081
chicken stock;6172
egg yolks;1125
cumin;1002014
red wine vinegar;1022068
confectioners' sugar;19336
shallots;11677
fresh basil;2044
ground beef;10023572
spinach;10011457
mushrooms;11260
blueberries;9050
rye meal;98905
fresh thyme;2049
bread;18064
peanut butter;16098
dried thyme;2042
skinless boneless chicken breasts;1055062
juice of lime;9160
bananas;9040
cucumber;11206
banana;9040
cherry tomatoes;10311529
coconut;12104
heavy whipping cream;1053
Salt & Pepper;1102047
apple cider vinegar;2048
bay leaf;2004
bay leaves;2004
sea-salt;1012047
chocolate chips;10019146
parmesan;1033
cocoa powder;19165
ketchup;11935
shallot;11677
dry white wine;14106
orange zest;9216
sesame seeds;12023
salsa;6164
feta cheese;1019
raisins;9299
vegetable broth;6615
pasta;20420
apple;9003
apples;9003
unsweetened cocoa powder;19165
peas;11304
rice;20444
broccoli;11090
ground cloves;2011
cream;1053
raspberries;9302
almond milk;93607
basil;2044
thyme;2049
hot sauce;6168
green onion;11291
dried basil;2003
sweet potatoes;11507
active yeast;18375
kale;11233
cheddar cheese;1009
cooking oil;4582
fresh rosemary;2063
basil leaves;2044
canned black beans;16018
curry powder;2015
bbq sauce;6150
almond extract;1002050
cauliflower;11135
jalapeno;11979
chicken breasts;5062
coarse salt;2047
asparagus;11011
whipping cream;1001053
italian seasoning;1022027
chives;11156
low sodium chicken broth;6970
cider vinegar;2048
corn syrup;19350
rice vinegar;1022053
smoked paprika;1012028
quinoa;20035
semisweet chocolate chips;10019903
goat cheese;1159
pineapple;9266
ham;10151
lime;9159
ice;10014412
cumin seeds;2014
shredded mozzarella cheese;1001026
capers;2054
low sodium soy sauce;16424
shortening;4615
dark brown sugar;10019334
sharp cheddar cheese;1031009
fat-free milk;1085
baby spinach;11457
cabbage;11109
coconut milk;12118
white wine;14106
butternut squash;11485
whole wheat flour;20080
mango;9176
bread crumbs;18079
rolled oats;8120
fresh basil leaves;2044
ground coriander;2012
egg yolk;1125
white wine vinegar;1002068
whipped topping;42135
flour tortillas;10218364
orange;9200
mustard;2046
molasses;19304
green beans;11052
creamy peanut butter;10116098
dried cranberries;9079
greek yogurt;1256
sweet potato;11507
sweetened condensed milk;1095
peaches;9236
fresh chives;11156
pine nuts;12147
white vinegar;2053
rosemary;2036
cranberries;9078
skinless boneless chicken breast halves;1045062
pumpkin pie spice;1002035
marshmallows;19116
fresh mushrooms;11260
bell pepper;10211821
broccoli florets;10011090
fresh dill;2045
white onion;10611282
canned tomato sauce;11549
egg white;1124
coriander;2012
lettuce;11252
chicken breast;5062
fresh mint;2064
almond flour;93740
margarine;4073
pumpkin puree;11424
lime zest;1009159
tomato sauce;11549
lean ground beef;23557
garlic salt;1062047
jalapeno pepper;11979
semi sweet chocolate chips;10019903
cayenne;2031
mint;2064
turmeric;2043
turkey;5165
vegetable stock;6615
evaporated milk;1214
wine;14084
beef broth;6008
avocados;9037
cookies;10118192
fish sauce;6179
healthy request cream of celery soup;6987
monterey jack cheese;1001025
corn tortillas;18363
sweet onion;11294
whipped cream;1054
ground allspice;2001
grape tomatoes;10111529
cake flour;10020129
vanilla ice cream;19095
crushed red pepper;1032009
turmeric powder;2043
half & half;1049
coconut flour;93747
vodka;14051
olives;9195
garam masala;93663
vinegar;2053
swiss cheese;1040
mozzarella cheese;1026
cream of tartar;18373
oats;8120
rib tips;98937
pepper sauce;6168
salted butter;1001001
pumpkin;11422
plum tomatoes;10411529
red potatoes;10011355
beer;14003
pork;10010219
yellow bell pepper;11951
dates;9087
chilli powder;2009
salad mix;21052
ice cubes;10014412
corn;11168
mint leaves;2064
black peppercorns;1022030
potato;11362
fresh flat-leaf parsley;11297
pie crust;18334
vanilla bean;93622
yogurt;1116
salmon;15076
fruit;9431
bittersweet chocolate;19903
white pepper;2032
breadcrumbs;18079
black olives;1059195
cheese;1041009
cornmeal;35137
cooked rice;10220445
fresh thyme leaves;2049
pineapple juice;9273
real bacon recipe pieces;10862
chia seeds;12006
cherries;9070
eggplant;11209
lemon peel;9156
nuts;12135
russet potatoes;11353
plain flour;20081
coconut sugar;93831
leeks;11246
cilantro leaves;11165
low fat milk;1174
red wine;14096
cinnamon stick;1002010
romaine lettuce;10111251
brussels sprouts;11098
coffee;14209
ground turkey;5662
kalamata olives;1009195
bread flour;10120129
dark chocolate;19904
dried parsley;2029
ricotta cheese;1036
ice cream;19095
graham cracker crumbs;10018617
semisweet chocolate;19903
gelatin;19177
ghee;93632
puff pastry;18337
canned chickpeas;16058
club soda;14121
peanut oil;4042
black beans;16015
fresh mint leaves;2064
arugula;11959
slivered almonds;10012061
breakfast links;7919
brown rice;20040
spaghetti;11420420
horseradish;1002055
fresh cilantro leaves;11165
plain greek yogurt;1256
apple cider;1009016
peanuts;16091
radishes;11429
barbecue sauce;6150
unbleached flour;10020081
tofu;16213
tahini;12698
blue cheese;1004
dry mustard;1002024
roma tomatoes;10211529
plain yogurt;1116
apple juice;9016
dill;2045
rum;14037
almond butter;12195
corn kernels;11172
red pepper;11821
bourbon;10014037
artichoke hearts;93828
ground pork;10219
mustard seeds;2024
lemons;9150
blackberries;9042
celery stalks;11143
red onions;10011282
rice wine vinegar;1022053
pork chops;10010062
red bell peppers;11821
deep dish pie crust;18945
yukon gold potatoes;10211362
golden raisins;9297
skinless boneless chicken thighs;5096
frozen corn;11913
yeast;18375
white chocolate chips;10019087
pistachios;12151
cooked quinoa;20137
marinara sauce;10111549
hazelnuts;12120
cashews;12087
leek;11246
orange peel;9216
jalapenos;11979
fennel seeds;2018
green pepper;11333
dried rosemary;2036
white rice;10220444
ground turmeric;2043
summer savory;98961
skinless boneless chicken breast;1055062
lime wedges;9159
prosciutto;10010123
tortilla chips;19056
cucumbers;11206
panko bread crumbs;10018079
simple syrup;90480
jalapeno peppers;11979
pecan;12142
sprinkles;93645
spring onions;11291
creme fraiche;1001056
curry leaves;93604
kitchen bouquet;93768
taco seasoning;2073
brandy;10114037
sausage;1017063
cooked chicken;5112
canned pumpkin;11424
seasoned salt;1042047
pears;9252
quick cooking oats;8402
half and half;1049
agave nectar;19912
poppy seeds;2033
green chillies;31015
allspice;2001
bell peppers;10211821
fresh sage;2038
stevia;93628
ground cardamom;2006
flat-leaf parsley;11297
tequila;10814037
fresh parsley leaves;11297
chickpeas;16057
hoisin sauce;6175
sriracha;1016168
roasted red peppers;11916
yellow onions;10511282
corn starch;20027
green chilies;31015
skim milk;1085
coriander seeds;2013
cocoa;19165
leafy vegetables;21052
table salt;2047
pesto;93698
beef stock;6170
peppers;10111333
dry red wine;14097
chili sauce;6972
fennel bulb;11957
button mushrooms;11260
salmon fillets;15076
graham crackers;18617
granny smith apples;1089003
lemon rind;9156
dark chocolate chips;10019071
berries;1009054
unsweetened applesauce;9019
mayo;4025
canned coconut milk;12117
applesauce;9019
nutritional yeast;93690
thyme sprigs;2049
hamburger buns;18350
baking mix;18010
baguette;18033
frozen spinach;11463
ears corn;11167
rhubarb;9307
white cake mix;18137
part-skim mozzarella cheese;1028
icing sugar;19336
white chocolate;19087
roasted garlic;11215
pear;9252
seasoning;1042027
red cabbage;11112
lemon wedges;9150
beets;11080
limes;9159
feta;1019
shredded chicken;5348
ice water;14412
liquid smoke;93627
sherry vinegar;1012068
watermelon;9326
thyme leaves;2049
